{
    "training_r2_score": 0.9974569765788339,
    "mae": 1107.7978144263623,
    "rmse": 2788.9955548839307,
    "r2_score": 0.9848989156410077
}
