{
    "training_r2_score": 0.9974695661654224,
    "mae": 1104.1138909448928,
    "rmse": 2781.8387149493083,
    "r2_score": 0.9849763179706529
}
